scenario_id,objective,aps_locations,num_q_positive,num_initial_inventory,total_flow,status,existing_inventory,initial_inventory,w_full,flow_summary,computational_time
0,267.0,"[18, 20, 21, 22, 23, 27, 41]",13,"{(18, 'food'): 5832.0, (18, 'water'): 9900.0, (20, 'food'): 4142.0, (20, 'water'): 9900.0, (21, 'food'): 5162.0, (21, 'water'): 9900.0, (22, 'food'): 2866.0, (22, 'water'): 9900.0, (23, 'food'): 4840.0, (23, 'water'): 9900.0, (27, 'food'): 1200.0, (27, 'water'): 9900.0, (41, 'water'): 9900.0}",0,2,"{(18, 'food'): 5832.0, (18, 'water'): 9900.0, (20, 'food'): 4142.0, (20, 'water'): 9900.0, (21, 'food'): 5162.0, (21, 'water'): 9900.0, (22, 'food'): 2866.0, (22, 'water'): 9900.0, (23, 'food'): 4840.0, (23, 'water'): 9900.0, (27, 'food'): 1200.0, (27, 'water'): 9900.0, (41, 'water'): 9900.0}","{(41, 'water'): <gurobi.Var *Awaiting Model Update*>}","{(18, 'food'): 5832.0, (18, 'water'): 9900.0, (20, 'food'): 4142.0, (20, 'water'): 9900.0, (21, 'food'): 5162.0, (21, 'water'): 9900.0, (22, 'food'): 2866.0, (22, 'water'): 9900.0, (23, 'food'): 4840.0, (23, 'water'): 9900.0, (27, 'food'): 1200.0, (27, 'water'): 9900.0, (41, 'water'): 9900.0}",{},58.729790925979614
1,15740.400000000005,"[6, 10, 16, 17, 18, 19, 20]",14,"{(6, 'food'): 2238.0, (6, 'water'): 9900.0, (10, 'food'): 808.0, (10, 'water'): 9900.0, (16, 'food'): 4584.0, (16, 'water'): 9900.0, (17, 'food'): 9189.0, (17, 'water'): 9900.0, (18, 'food'): 7299.0, (18, 'water'): 9900.0, (19, 'food'): 7203.0, (19, 'water'): 9900.0, (20, 'food'): 9900.0, (20, 'water'): 9900.0}",0,2,"{(6, 'food'): 2238.0, (6, 'water'): 9900.0, (10, 'food'): 808.0, (10, 'water'): 9900.0, (16, 'food'): 4584.0, (16, 'water'): 9900.0, (17, 'food'): 9189.0, (17, 'water'): 9900.0, (18, 'food'): 7299.0, (18, 'water'): 9900.0, (19, 'food'): 7203.0, (19, 'water'): 9900.0, (20, 'food'): 9900.0, (20, 'water'): 9900.0}","{(41, 'water'): <gurobi.Var *Awaiting Model Update*>}","{(6, 'food'): 2238.0, (6, 'water'): 9900.0, (10, 'food'): 808.0, (10, 'water'): 9900.0, (16, 'food'): 4584.0, (16, 'water'): 9900.0, (17, 'food'): 9189.0, (17, 'water'): 9900.0, (18, 'food'): 7299.0, (18, 'water'): 9900.0, (19, 'food'): 7203.0, (19, 'water'): 9900.0, (20, 'food'): 9900.0, (20, 'water'): 9900.0}",{},71.60727190971375
2,131588.99999999997,"[10, 11, 12, 13, 15, 17, 28]",14,"{(10, 'food'): 9900.0, (10, 'water'): 9900.0, (11, 'food'): 9900.0, (11, 'water'): 9900.0, (12, 'food'): 9900.0, (12, 'water'): 9900.0, (13, 'food'): 9900.0, (13, 'water'): 9900.0, (15, 'food'): 9900.0, (15, 'water'): 9900.0, (17, 'food'): 9900.0, (17, 'water'): 9900.0, (28, 'food'): 9900.0, (28, 'water'): 9900.0}",0,2,"{(10, 'food'): 9900.0, (10, 'water'): 9900.0, (11, 'food'): 9900.0, (11, 'water'): 9900.0, (12, 'food'): 9900.0, (12, 'water'): 9900.0, (13, 'food'): 9900.0, (13, 'water'): 9900.0, (15, 'food'): 9900.0, (15, 'water'): 9900.0, (17, 'food'): 9900.0, (17, 'water'): 9900.0, (28, 'food'): 9900.0, (28, 'water'): 9900.0}","{(41, 'water'): <gurobi.Var *Awaiting Model Update*>}","{(10, 'food'): 9900.0, (10, 'water'): 9900.0, (11, 'food'): 9900.0, (11, 'water'): 9900.0, (12, 'food'): 9900.0, (12, 'water'): 9900.0, (13, 'food'): 9900.0, (13, 'water'): 9900.0, (15, 'food'): 9900.0, (15, 'water'): 9900.0, (17, 'food'): 9900.0, (17, 'water'): 9900.0, (28, 'food'): 9900.0, (28, 'water'): 9900.0}",{},24.500573873519897
3,19.200000000000003,"[1, 2, 11, 21, 22, 23, 25]",14,"{(1, 'food'): 4901.0, (1, 'water'): 9900.0, (2, 'food'): 4793.0, (2, 'water'): 9457.0, (11, 'food'): 1018.0, (11, 'water'): 7475.0, (21, 'food'): 5479.0, (21, 'water'): 9900.0, (22, 'food'): 2200.0, (22, 'water'): 8373.0, (23, 'food'): 2152.0, (23, 'water'): 9900.0, (25, 'food'): 834.0, (25, 'water'): 7208.0}",0,2,"{(1, 'food'): 4901.0, (1, 'water'): 9900.0, (2, 'food'): 4793.0, (2, 'water'): 9457.0, (11, 'food'): 1018.0, (11, 'water'): 7475.0, (21, 'food'): 5479.0, (21, 'water'): 9900.0, (22, 'food'): 2200.0, (22, 'water'): 8373.0, (23, 'food'): 2152.0, (23, 'water'): 9900.0, (25, 'food'): 834.0, (25, 'water'): 7208.0}","{(41, 'water'): <gurobi.Var *Awaiting Model Update*>}","{(1, 'food'): 4901.0, (1, 'water'): 9900.0, (2, 'food'): 4793.0, (2, 'water'): 9457.0, (11, 'food'): 1018.0, (11, 'water'): 7475.0, (21, 'food'): 5479.0, (21, 'water'): 9900.0, (22, 'food'): 2200.0, (22, 'water'): 8373.0, (23, 'food'): 2152.0, (23, 'water'): 9900.0, (25, 'food'): 834.0, (25, 'water'): 7208.0}",{},113.07866287231445
4,19.200000000000003,"[6, 12, 14, 17, 21, 23, 37]",12,"{(6, 'food'): 3098.0, (6, 'water'): 5704.0, (14, 'food'): 2408.0, (14, 'water'): 7880.0, (17, 'food'): 2274.0, (17, 'water'): 8896.0, (21, 'food'): 3946.0, (21, 'water'): 9088.0, (23, 'food'): 3146.0, (23, 'water'): 8896.0, (37, 'food'): 1134.0, (37, 'water'): 5636.0}",0,2,"{(6, 'food'): 3098.0, (6, 'water'): 5704.0, (14, 'food'): 2408.0, (14, 'water'): 7880.0, (17, 'food'): 2274.0, (17, 'water'): 8896.0, (21, 'food'): 3946.0, (21, 'water'): 9088.0, (23, 'food'): 3146.0, (23, 'water'): 8896.0, (37, 'food'): 1134.0, (37, 'water'): 5636.0}","{(41, 'water'): <gurobi.Var *Awaiting Model Update*>}","{(6, 'food'): 3098.0, (6, 'water'): 5704.0, (14, 'food'): 2408.0, (14, 'water'): 7880.0, (17, 'food'): 2274.0, (17, 'water'): 8896.0, (21, 'food'): 3946.0, (21, 'water'): 9088.0, (23, 'food'): 3146.0, (23, 'water'): 8896.0, (37, 'food'): 1134.0, (37, 'water'): 5636.0}",{},85.61317777633667
5,12370.2,"[4, 18, 19, 20, 21, 27, 37]",14,"{(4, 'food'): 2802.0, (4, 'water'): 9900.0, (18, 'food'): 9259.0, (18, 'water'): 9900.0, (19, 'food'): 9116.0, (19, 'water'): 9900.0, (20, 'food'): 3704.0, (20, 'water'): 9900.0, (21, 'food'): 5697.0, (21, 'water'): 9900.0, (27, 'food'): 3893.0, (27, 'water'): 9900.0, (37, 'food'): 3019.0, (37, 'water'): 9900.0}",0,2,"{(4, 'food'): 2802.0, (4, 'water'): 9900.0, (18, 'food'): 9259.0, (18, 'water'): 9900.0, (19, 'food'): 9116.0, (19, 'water'): 9900.0, (20, 'food'): 3704.0, (20, 'water'): 9900.0, (21, 'food'): 5697.0, (21, 'water'): 9900.0, (27, 'food'): 3893.0, (27, 'water'): 9900.0, (37, 'food'): 3019.0, (37, 'water'): 9900.0}","{(41, 'water'): <gurobi.Var *Awaiting Model Update*>}","{(4, 'food'): 2802.0, (4, 'water'): 9900.0, (18, 'food'): 9259.0, (18, 'water'): 9900.0, (19, 'food'): 9116.0, (19, 'water'): 9900.0, (20, 'food'): 3704.0, (20, 'water'): 9900.0, (21, 'food'): 5697.0, (21, 'water'): 9900.0, (27, 'food'): 3893.0, (27, 'water'): 9900.0, (37, 'food'): 3019.0, (37, 'water'): 9900.0}",{},89.95270800590515
6,90064.20000000004,"[20, 21, 22, 24, 25, 27, 28]",14,"{(20, 'food'): 9900.0, (20, 'water'): 9900.0, (21, 'food'): 9900.0, (21, 'water'): 9900.0, (22, 'food'): 9900.0, (22, 'water'): 9900.0, (24, 'food'): 9900.0, (24, 'water'): 9900.0, (25, 'food'): 9900.0, (25, 'water'): 9900.0, (27, 'food'): 9900.0, (27, 'water'): 9900.0, (28, 'food'): 9900.0, (28, 'water'): 9900.0}",0,2,"{(20, 'food'): 9900.0, (20, 'water'): 9900.0, (21, 'food'): 9900.0, (21, 'water'): 9900.0, (22, 'food'): 9900.0, (22, 'water'): 9900.0, (24, 'food'): 9900.0, (24, 'water'): 9900.0, (25, 'food'): 9900.0, (25, 'water'): 9900.0, (27, 'food'): 9900.0, (27, 'water'): 9900.0, (28, 'food'): 9900.0, (28, 'water'): 9900.0}","{(41, 'water'): <gurobi.Var *Awaiting Model Update*>}","{(20, 'food'): 9900.0, (20, 'water'): 9900.0, (21, 'food'): 9900.0, (21, 'water'): 9900.0, (22, 'food'): 9900.0, (22, 'water'): 9900.0, (24, 'food'): 9900.0, (24, 'water'): 9900.0, (25, 'food'): 9900.0, (25, 'water'): 9900.0, (27, 'food'): 9900.0, (27, 'water'): 9900.0, (28, 'food'): 9900.0, (28, 'water'): 9900.0}",{},33.91886591911316
7,9934.800000000003,"[1, 10, 17, 18, 19, 20, 21]",14,"{(1, 'food'): 1732.0, (1, 'water'): 9900.0, (10, 'food'): 4502.0, (10, 'water'): 9900.0, (17, 'food'): 3885.0, (17, 'water'): 9900.0, (18, 'food'): 1837.0, (18, 'water'): 9900.0, (19, 'food'): 8403.0, (19, 'water'): 9900.0, (20, 'food'): 7562.0, (20, 'water'): 9900.0, (21, 'food'): 6863.0, (21, 'water'): 9900.0}",0,2,"{(1, 'food'): 1732.0, (1, 'water'): 9900.0, (10, 'food'): 4502.0, (10, 'water'): 9900.0, (17, 'food'): 3885.0, (17, 'water'): 9900.0, (18, 'food'): 1837.0, (18, 'water'): 9900.0, (19, 'food'): 8403.0, (19, 'water'): 9900.0, (20, 'food'): 7562.0, (20, 'water'): 9900.0, (21, 'food'): 6863.0, (21, 'water'): 9900.0}","{(41, 'water'): <gurobi.Var *Awaiting Model Update*>}","{(1, 'food'): 1732.0, (1, 'water'): 9900.0, (10, 'food'): 4502.0, (10, 'water'): 9900.0, (17, 'food'): 3885.0, (17, 'water'): 9900.0, (18, 'food'): 1837.0, (18, 'water'): 9900.0, (19, 'food'): 8403.0, (19, 'water'): 9900.0, (20, 'food'): 7562.0, (20, 'water'): 9900.0, (21, 'food'): 6863.0, (21, 'water'): 9900.0}",{},84.15810799598694
8,42758.39999999999,"[9, 13, 15, 16, 21, 22, 23]",14,"{(9, 'food'): 9900.0, (9, 'water'): 9900.0, (13, 'food'): 9900.0, (13, 'water'): 9900.0, (15, 'food'): 9900.0, (15, 'water'): 9900.0, (16, 'food'): 9900.0, (16, 'water'): 9900.0, (21, 'food'): 9900.0, (21, 'water'): 9900.0, (22, 'food'): 9900.0, (22, 'water'): 9900.0, (23, 'food'): 9900.0, (23, 'water'): 9900.0}",0,2,"{(9, 'food'): 9900.0, (9, 'water'): 9900.0, (13, 'food'): 9900.0, (13, 'water'): 9900.0, (15, 'food'): 9900.0, (15, 'water'): 9900.0, (16, 'food'): 9900.0, (16, 'water'): 9900.0, (21, 'food'): 9900.0, (21, 'water'): 9900.0, (22, 'food'): 9900.0, (22, 'water'): 9900.0, (23, 'food'): 9900.0, (23, 'water'): 9900.0}","{(41, 'water'): <gurobi.Var *Awaiting Model Update*>}","{(9, 'food'): 9900.0, (9, 'water'): 9900.0, (13, 'food'): 9900.0, (13, 'water'): 9900.0, (15, 'food'): 9900.0, (15, 'water'): 9900.0, (16, 'food'): 9900.0, (16, 'water'): 9900.0, (21, 'food'): 9900.0, (21, 'water'): 9900.0, (22, 'food'): 9900.0, (22, 'water'): 9900.0, (23, 'food'): 9900.0, (23, 'water'): 9900.0}",{},40.314775705337524
9,86411.09999999996,"[9, 10, 21, 28, 31, 38, 41]",14,"{(9, 'food'): 9900.0, (9, 'water'): 9900.0, (10, 'food'): 9900.0, (10, 'water'): 9900.0, (21, 'food'): 9900.0, (21, 'water'): 9900.0, (28, 'food'): 9900.0, (28, 'water'): 9900.0, (31, 'food'): 9900.0, (31, 'water'): 9900.0, (38, 'food'): 9900.0, (38, 'water'): 9900.0, (41, 'food'): 9900.0, (41, 'water'): 9900.0}",0,2,"{(9, 'food'): 9900.0, (9, 'water'): 9900.0, (10, 'food'): 9900.0, (10, 'water'): 9900.0, (21, 'food'): 9900.0, (21, 'water'): 9900.0, (28, 'food'): 9900.0, (28, 'water'): 9900.0, (31, 'food'): 9900.0, (31, 'water'): 9900.0, (38, 'food'): 9900.0, (38, 'water'): 9900.0, (41, 'food'): 9900.0, (41, 'water'): 9900.0}","{(41, 'water'): <gurobi.Var *Awaiting Model Update*>}","{(9, 'food'): 9900.0, (9, 'water'): 9900.0, (10, 'food'): 9900.0, (10, 'water'): 9900.0, (21, 'food'): 9900.0, (21, 'water'): 9900.0, (28, 'food'): 9900.0, (28, 'water'): 9900.0, (31, 'food'): 9900.0, (31, 'water'): 9900.0, (38, 'food'): 9900.0, (38, 'water'): 9900.0, (41, 'food'): 9900.0, (41, 'water'): 9900.0}",{},25.010705947875977
10,139067.3999999999,"[12, 13, 14, 17, 18, 20, 32]",14,"{(12, 'food'): 9900.0, (12, 'water'): 9900.0, (13, 'food'): 9900.0, (13, 'water'): 9900.0, (14, 'food'): 9900.0, (14, 'water'): 9900.0, (17, 'food'): 9900.0, (17, 'water'): 9900.0, (18, 'food'): 9900.0, (18, 'water'): 9900.0, (20, 'food'): 9900.0, (20, 'water'): 9900.0, (32, 'food'): 9900.0, (32, 'water'): 9900.0}",0,2,"{(12, 'food'): 9900.0, (12, 'water'): 9900.0, (13, 'food'): 9900.0, (13, 'water'): 9900.0, (14, 'food'): 9900.0, (14, 'water'): 9900.0, (17, 'food'): 9900.0, (17, 'water'): 9900.0, (18, 'food'): 9900.0, (18, 'water'): 9900.0, (20, 'food'): 9900.0, (20, 'water'): 9900.0, (32, 'food'): 9900.0, (32, 'water'): 9900.0}","{(41, 'water'): <gurobi.Var *Awaiting Model Update*>}","{(12, 'food'): 9900.0, (12, 'water'): 9900.0, (13, 'food'): 9900.0, (13, 'water'): 9900.0, (14, 'food'): 9900.0, (14, 'water'): 9900.0, (17, 'food'): 9900.0, (17, 'water'): 9900.0, (18, 'food'): 9900.0, (18, 'water'): 9900.0, (20, 'food'): 9900.0, (20, 'water'): 9900.0, (32, 'food'): 9900.0, (32, 'water'): 9900.0}",{},16.648611068725586
11,119178.3000000001,"[10, 15, 16, 17, 20, 31, 38]",14,"{(10, 'food'): 9900.0, (10, 'water'): 9900.0, (15, 'food'): 9900.0, (15, 'water'): 9900.0, (16, 'food'): 9900.0, (16, 'water'): 9900.0, (17, 'food'): 9900.0, (17, 'water'): 9900.0, (20, 'food'): 9900.0, (20, 'water'): 9900.0, (31, 'food'): 9900.0, (31, 'water'): 9900.0, (38, 'food'): 9900.0, (38, 'water'): 9900.0}",0,2,"{(10, 'food'): 9900.0, (10, 'water'): 9900.0, (15, 'food'): 9900.0, (15, 'water'): 9900.0, (16, 'food'): 9900.0, (16, 'water'): 9900.0, (17, 'food'): 9900.0, (17, 'water'): 9900.0, (20, 'food'): 9900.0, (20, 'water'): 9900.0, (31, 'food'): 9900.0, (31, 'water'): 9900.0, (38, 'food'): 9900.0, (38, 'water'): 9900.0}","{(41, 'water'): <gurobi.Var *Awaiting Model Update*>}","{(10, 'food'): 9900.0, (10, 'water'): 9900.0, (15, 'food'): 9900.0, (15, 'water'): 9900.0, (16, 'food'): 9900.0, (16, 'water'): 9900.0, (17, 'food'): 9900.0, (17, 'water'): 9900.0, (20, 'food'): 9900.0, (20, 'water'): 9900.0, (31, 'food'): 9900.0, (31, 'water'): 9900.0, (38, 'food'): 9900.0, (38, 'water'): 9900.0}",{},27.457422971725464
12,20205.299999999996,"[7, 13, 14, 15, 21, 23, 26]",14,"{(7, 'food'): 3487.0, (7, 'water'): 9900.0, (13, 'food'): 9133.0, (13, 'water'): 9900.0, (14, 'food'): 7768.0, (14, 'water'): 9900.0, (15, 'food'): 4601.0, (15, 'water'): 9900.0, (21, 'food'): 8988.0, (21, 'water'): 9900.0, (23, 'food'): 5570.0, (23, 'water'): 9900.0, (26, 'food'): 6635.0, (26, 'water'): 9900.0}",0,2,"{(7, 'food'): 3487.0, (7, 'water'): 9900.0, (13, 'food'): 9133.0, (13, 'water'): 9900.0, (14, 'food'): 7768.0, (14, 'water'): 9900.0, (15, 'food'): 4601.0, (15, 'water'): 9900.0, (21, 'food'): 8988.0, (21, 'water'): 9900.0, (23, 'food'): 5570.0, (23, 'water'): 9900.0, (26, 'food'): 6635.0, (26, 'water'): 9900.0}","{(41, 'water'): <gurobi.Var *Awaiting Model Update*>}","{(7, 'food'): 3487.0, (7, 'water'): 9900.0, (13, 'food'): 9133.0, (13, 'water'): 9900.0, (14, 'food'): 7768.0, (14, 'water'): 9900.0, (15, 'food'): 4601.0, (15, 'water'): 9900.0, (21, 'food'): 8988.0, (21, 'water'): 9900.0, (23, 'food'): 5570.0, (23, 'water'): 9900.0, (26, 'food'): 6635.0, (26, 'water'): 9900.0}",{},36.58664298057556
13,212166.29999999987,"[1, 15, 17, 18, 19, 20, 41]",14,"{(1, 'food'): 9900.0, (1, 'water'): 9900.0, (15, 'food'): 9900.0, (15, 'water'): 9900.0, (17, 'food'): 9900.0, (17, 'water'): 9900.0, (18, 'food'): 9900.0, (18, 'water'): 9900.0, (19, 'food'): 9900.0, (19, 'water'): 9900.0, (20, 'food'): 9900.0, (20, 'water'): 9900.0, (41, 'food'): 9900.0, (41, 'water'): 9900.0}",0,2,"{(1, 'food'): 9900.0, (1, 'water'): 9900.0, (15, 'food'): 9900.0, (15, 'water'): 9900.0, (17, 'food'): 9900.0, (17, 'water'): 9900.0, (18, 'food'): 9900.0, (18, 'water'): 9900.0, (19, 'food'): 9900.0, (19, 'water'): 9900.0, (20, 'food'): 9900.0, (20, 'water'): 9900.0, (41, 'food'): 9900.0, (41, 'water'): 9900.0}","{(41, 'water'): <gurobi.Var *Awaiting Model Update*>}","{(1, 'food'): 9900.0, (1, 'water'): 9900.0, (15, 'food'): 9900.0, (15, 'water'): 9900.0, (17, 'food'): 9900.0, (17, 'water'): 9900.0, (18, 'food'): 9900.0, (18, 'water'): 9900.0, (19, 'food'): 9900.0, (19, 'water'): 9900.0, (20, 'food'): 9900.0, (20, 'water'): 9900.0, (41, 'food'): 9900.0, (41, 'water'): 9900.0}",{},21.87954092025757
14,19.200000000000003,"[21, 22, 24, 26, 30, 35, 41]",13,"{(21, 'food'): 5636.0, (21, 'water'): 9900.0, (22, 'food'): 2860.0, (22, 'water'): 9900.0, (24, 'food'): 7205.0, (24, 'water'): 9900.0, (26, 'food'): 3340.0, (26, 'water'): 9900.0, (30, 'food'): 3983.0, (30, 'water'): 9900.0, (35, 'water'): 9900.0, (41, 'food'): 1.0, (41, 'water'): 7692.0}",0,2,"{(21, 'food'): 5636.0, (21, 'water'): 9900.0, (22, 'food'): 2860.0, (22, 'water'): 9900.0, (24, 'food'): 7205.0, (24, 'water'): 9900.0, (26, 'food'): 3340.0, (26, 'water'): 9900.0, (30, 'food'): 3983.0, (30, 'water'): 9900.0, (35, 'water'): 9900.0, (41, 'food'): 1.0, (41, 'water'): 7692.0}","{(41, 'water'): <gurobi.Var *Awaiting Model Update*>}","{(21, 'food'): 5636.0, (21, 'water'): 9900.0, (22, 'food'): 2860.0, (22, 'water'): 9900.0, (24, 'food'): 7205.0, (24, 'water'): 9900.0, (26, 'food'): 3340.0, (26, 'water'): 9900.0, (30, 'food'): 3983.0, (30, 'water'): 9900.0, (35, 'water'): 9900.0, (41, 'food'): 1.0, (41, 'water'): 7692.0}",{},117.89028596878052
15,19.200000000000003,"[8, 18, 21, 24, 25, 26, 33]",14,"{(8, 'food'): 3997.0, (8, 'water'): 9900.0, (18, 'food'): 1070.0, (18, 'water'): 5929.0, (21, 'food'): 7778.0, (21, 'water'): 9900.0, (24, 'food'): 1653.0, (24, 'water'): 9900.0, (25, 'food'): 4288.0, (25, 'water'): 9900.0, (26, 'food'): 1517.0, (26, 'water'): 9900.0, (33, 'food'): 2140.0, (33, 'water'): 9900.0}",0,2,"{(8, 'food'): 3997.0, (8, 'water'): 9900.0, (18, 'food'): 1070.0, (18, 'water'): 5929.0, (21, 'food'): 7778.0, (21, 'water'): 9900.0, (24, 'food'): 1653.0, (24, 'water'): 9900.0, (25, 'food'): 4288.0, (25, 'water'): 9900.0, (26, 'food'): 1517.0, (26, 'water'): 9900.0, (33, 'food'): 2140.0, (33, 'water'): 9900.0}","{(41, 'water'): <gurobi.Var *Awaiting Model Update*>}","{(8, 'food'): 3997.0, (8, 'water'): 9900.0, (18, 'food'): 1070.0, (18, 'water'): 5929.0, (21, 'food'): 7778.0, (21, 'water'): 9900.0, (24, 'food'): 1653.0, (24, 'water'): 9900.0, (25, 'food'): 4288.0, (25, 'water'): 9900.0, (26, 'food'): 1517.0, (26, 'water'): 9900.0, (33, 'food'): 2140.0, (33, 'water'): 9900.0}",{},93.16143298149109
16,90531.59999999998,"[16, 17, 21, 23, 24, 27, 37]",14,"{(16, 'food'): 9900.0, (16, 'water'): 9900.0, (17, 'food'): 9900.0, (17, 'water'): 9900.0, (21, 'food'): 9900.0, (21, 'water'): 9900.0, (23, 'food'): 9900.0, (23, 'water'): 9900.0, (24, 'food'): 9900.0, (24, 'water'): 9900.0, (27, 'food'): 9900.0, (27, 'water'): 9900.0, (37, 'food'): 9900.0, (37, 'water'): 9900.0}",0,2,"{(16, 'food'): 9900.0, (16, 'water'): 9900.0, (17, 'food'): 9900.0, (17, 'water'): 9900.0, (21, 'food'): 9900.0, (21, 'water'): 9900.0, (23, 'food'): 9900.0, (23, 'water'): 9900.0, (24, 'food'): 9900.0, (24, 'water'): 9900.0, (27, 'food'): 9900.0, (27, 'water'): 9900.0, (37, 'food'): 9900.0, (37, 'water'): 9900.0}","{(41, 'water'): <gurobi.Var *Awaiting Model Update*>}","{(16, 'food'): 9900.0, (16, 'water'): 9900.0, (17, 'food'): 9900.0, (17, 'water'): 9900.0, (21, 'food'): 9900.0, (21, 'water'): 9900.0, (23, 'food'): 9900.0, (23, 'water'): 9900.0, (24, 'food'): 9900.0, (24, 'water'): 9900.0, (27, 'food'): 9900.0, (27, 'water'): 9900.0, (37, 'food'): 9900.0, (37, 'water'): 9900.0}",{},37.23515820503235
17,129374.99999999996,"[8, 12, 14, 15, 16, 17, 41]",14,"{(8, 'food'): 9900.0, (8, 'water'): 9900.0, (12, 'food'): 9900.0, (12, 'water'): 9900.0, (14, 'food'): 9900.0, (14, 'water'): 9900.0, (15, 'food'): 9900.0, (15, 'water'): 9900.0, (16, 'food'): 9900.0, (16, 'water'): 9900.0, (17, 'food'): 9900.0, (17, 'water'): 9900.0, (41, 'food'): 9900.0, (41, 'water'): 9900.0}",0,2,"{(8, 'food'): 9900.0, (8, 'water'): 9900.0, (12, 'food'): 9900.0, (12, 'water'): 9900.0, (14, 'food'): 9900.0, (14, 'water'): 9900.0, (15, 'food'): 9900.0, (15, 'water'): 9900.0, (16, 'food'): 9900.0, (16, 'water'): 9900.0, (17, 'food'): 9900.0, (17, 'water'): 9900.0, (41, 'food'): 9900.0, (41, 'water'): 9900.0}","{(41, 'water'): <gurobi.Var *Awaiting Model Update*>}","{(8, 'food'): 9900.0, (8, 'water'): 9900.0, (12, 'food'): 9900.0, (12, 'water'): 9900.0, (14, 'food'): 9900.0, (14, 'water'): 9900.0, (15, 'food'): 9900.0, (15, 'water'): 9900.0, (16, 'food'): 9900.0, (16, 'water'): 9900.0, (17, 'food'): 9900.0, (17, 'water'): 9900.0, (41, 'food'): 9900.0, (41, 'water'): 9900.0}",{},29.138062000274658
18,1644.6,"[14, 18, 21, 22, 24, 25, 28]",14,"{(14, 'food'): 4432.0, (14, 'water'): 9900.0, (18, 'food'): 4633.0, (18, 'water'): 9900.0, (21, 'food'): 1833.0, (21, 'water'): 9900.0, (22, 'food'): 1833.0, (22, 'water'): 9900.0, (24, 'food'): 5782.0, (24, 'water'): 9900.0, (25, 'food'): 4592.0, (25, 'water'): 9900.0, (28, 'food'): 2454.0, (28, 'water'): 9900.0}",0,2,"{(14, 'food'): 4432.0, (14, 'water'): 9900.0, (18, 'food'): 4633.0, (18, 'water'): 9900.0, (21, 'food'): 1833.0, (21, 'water'): 9900.0, (22, 'food'): 1833.0, (22, 'water'): 9900.0, (24, 'food'): 5782.0, (24, 'water'): 9900.0, (25, 'food'): 4592.0, (25, 'water'): 9900.0, (28, 'food'): 2454.0, (28, 'water'): 9900.0}","{(41, 'water'): <gurobi.Var *Awaiting Model Update*>}","{(14, 'food'): 4432.0, (14, 'water'): 9900.0, (18, 'food'): 4633.0, (18, 'water'): 9900.0, (21, 'food'): 1833.0, (21, 'water'): 9900.0, (22, 'food'): 1833.0, (22, 'water'): 9900.0, (24, 'food'): 5782.0, (24, 'water'): 9900.0, (25, 'food'): 4592.0, (25, 'water'): 9900.0, (28, 'food'): 2454.0, (28, 'water'): 9900.0}",{},82.30462718009949
19,19.200000000000003,"[1, 10, 19, 24, 26, 33, 41]",14,"{(1, 'food'): 1611.0, (1, 'water'): 9900.0, (10, 'food'): 3058.0, (10, 'water'): 4885.0, (19, 'food'): 3777.0, (19, 'water'): 9752.0, (24, 'food'): 4401.0, (24, 'water'): 9900.0, (26, 'food'): 3087.0, (26, 'water'): 9900.0, (33, 'food'): 3903.0, (33, 'water'): 8276.0, (41, 'food'): 720.0, (41, 'water'): 7099.0}",0,2,"{(1, 'food'): 1611.0, (1, 'water'): 9900.0, (10, 'food'): 3058.0, (10, 'water'): 4885.0, (19, 'food'): 3777.0, (19, 'water'): 9752.0, (24, 'food'): 4401.0, (24, 'water'): 9900.0, (26, 'food'): 3087.0, (26, 'water'): 9900.0, (33, 'food'): 3903.0, (33, 'water'): 8276.0, (41, 'food'): 720.0, (41, 'water'): 7099.0}","{(41, 'water'): <gurobi.Var *Awaiting Model Update*>}","{(1, 'food'): 1611.0, (1, 'water'): 9900.0, (10, 'food'): 3058.0, (10, 'water'): 4885.0, (19, 'food'): 3777.0, (19, 'water'): 9752.0, (24, 'food'): 4401.0, (24, 'water'): 9900.0, (26, 'food'): 3087.0, (26, 'water'): 9900.0, (33, 'food'): 3903.0, (33, 'water'): 8276.0, (41, 'food'): 720.0, (41, 'water'): 7099.0}",{},84.54846620559692
20,163665.29999999987,"[13, 17, 18, 19, 21, 22, 41]",14,"{(13, 'food'): 9900.0, (13, 'water'): 9900.0, (17, 'food'): 9900.0, (17, 'water'): 9900.0, (18, 'food'): 9900.0, (18, 'water'): 9900.0, (19, 'food'): 9900.0, (19, 'water'): 9900.0, (21, 'food'): 9900.0, (21, 'water'): 9900.0, (22, 'food'): 9900.0, (22, 'water'): 9900.0, (41, 'food'): 9866.0, (41, 'water'): 9900.0}",0,2,"{(13, 'food'): 9900.0, (13, 'water'): 9900.0, (17, 'food'): 9900.0, (17, 'water'): 9900.0, (18, 'food'): 9900.0, (18, 'water'): 9900.0, (19, 'food'): 9900.0, (19, 'water'): 9900.0, (21, 'food'): 9900.0, (21, 'water'): 9900.0, (22, 'food'): 9900.0, (22, 'water'): 9900.0, (41, 'food'): 9866.0, (41, 'water'): 9900.0}","{(41, 'water'): <gurobi.Var *Awaiting Model Update*>}","{(13, 'food'): 9900.0, (13, 'water'): 9900.0, (17, 'food'): 9900.0, (17, 'water'): 9900.0, (18, 'food'): 9900.0, (18, 'water'): 9900.0, (19, 'food'): 9900.0, (19, 'water'): 9900.0, (21, 'food'): 9900.0, (21, 'water'): 9900.0, (22, 'food'): 9900.0, (22, 'water'): 9900.0, (41, 'food'): 9866.0, (41, 'water'): 9900.0}",{},33.680752992630005
21,184306.8000000001,"[1, 4, 9, 10, 17, 40, 41]",14,"{(1, 'food'): 9900.0, (1, 'water'): 9900.0, (4, 'food'): 9900.0, (4, 'water'): 9900.0, (9, 'food'): 9900.0, (9, 'water'): 9900.0, (10, 'food'): 9900.0, (10, 'water'): 9900.0, (17, 'food'): 9900.0, (17, 'water'): 9900.0, (40, 'food'): 9900.0, (40, 'water'): 9900.0, (41, 'food'): 9900.0, (41, 'water'): 9900.0}",0,2,"{(1, 'food'): 9900.0, (1, 'water'): 9900.0, (4, 'food'): 9900.0, (4, 'water'): 9900.0, (9, 'food'): 9900.0, (9, 'water'): 9900.0, (10, 'food'): 9900.0, (10, 'water'): 9900.0, (17, 'food'): 9900.0, (17, 'water'): 9900.0, (40, 'food'): 9900.0, (40, 'water'): 9900.0, (41, 'food'): 9900.0, (41, 'water'): 9900.0}","{(41, 'water'): <gurobi.Var *Awaiting Model Update*>}","{(1, 'food'): 9900.0, (1, 'water'): 9900.0, (4, 'food'): 9900.0, (4, 'water'): 9900.0, (9, 'food'): 9900.0, (9, 'water'): 9900.0, (10, 'food'): 9900.0, (10, 'water'): 9900.0, (17, 'food'): 9900.0, (17, 'water'): 9900.0, (40, 'food'): 9900.0, (40, 'water'): 9900.0, (41, 'food'): 9900.0, (41, 'water'): 9900.0}",{},25.222783088684082
22,83053.2,"[10, 20, 21, 25, 29, 37, 41]",14,"{(10, 'food'): 9900.0, (10, 'water'): 9900.0, (20, 'food'): 9900.0, (20, 'water'): 9900.0, (21, 'food'): 9900.0, (21, 'water'): 9900.0, (25, 'food'): 9900.0, (25, 'water'): 9900.0, (29, 'food'): 9900.0, (29, 'water'): 9900.0, (37, 'food'): 9900.0, (37, 'water'): 9900.0, (41, 'food'): 9900.0, (41, 'water'): 9900.0}",0,2,"{(10, 'food'): 9900.0, (10, 'water'): 9900.0, (20, 'food'): 9900.0, (20, 'water'): 9900.0, (21, 'food'): 9900.0, (21, 'water'): 9900.0, (25, 'food'): 9900.0, (25, 'water'): 9900.0, (29, 'food'): 9900.0, (29, 'water'): 9900.0, (37, 'food'): 9900.0, (37, 'water'): 9900.0, (41, 'food'): 9900.0, (41, 'water'): 9900.0}","{(41, 'water'): <gurobi.Var *Awaiting Model Update*>}","{(10, 'food'): 9900.0, (10, 'water'): 9900.0, (20, 'food'): 9900.0, (20, 'water'): 9900.0, (21, 'food'): 9900.0, (21, 'water'): 9900.0, (25, 'food'): 9900.0, (25, 'water'): 9900.0, (29, 'food'): 9900.0, (29, 'water'): 9900.0, (37, 'food'): 9900.0, (37, 'water'): 9900.0, (41, 'food'): 9900.0, (41, 'water'): 9900.0}",{},25.079190969467163
23,19.200000000000003,"[2, 8, 14, 18, 20, 21, 22]",13,"{(2, 'food'): 2444.0, (2, 'water'): 6464.0, (8, 'food'): 1008.0, (8, 'water'): 8850.0, (14, 'food'): 2646.0, (14, 'water'): 6972.0, (18, 'food'): 3056.0, (18, 'water'): 9900.0, (20, 'water'): 3442.0, (21, 'food'): 4084.0, (21, 'water'): 7060.0, (22, 'food'): 4080.0, (22, 'water'): 7266.0}",0,2,"{(2, 'food'): 2444.0, (2, 'water'): 6464.0, (8, 'food'): 1008.0, (8, 'water'): 8850.0, (14, 'food'): 2646.0, (14, 'water'): 6972.0, (18, 'food'): 3056.0, (18, 'water'): 9900.0, (20, 'water'): 3442.0, (21, 'food'): 4084.0, (21, 'water'): 7060.0, (22, 'food'): 4080.0, (22, 'water'): 7266.0}","{(41, 'water'): <gurobi.Var *Awaiting Model Update*>}","{(2, 'food'): 2444.0, (2, 'water'): 6464.0, (8, 'food'): 1008.0, (8, 'water'): 8850.0, (14, 'food'): 2646.0, (14, 'water'): 6972.0, (18, 'food'): 3056.0, (18, 'water'): 9900.0, (20, 'water'): 3442.0, (21, 'food'): 4084.0, (21, 'water'): 7060.0, (22, 'food'): 4080.0, (22, 'water'): 7266.0}",{},104.08415389060974
24,143925.9,"[2, 20, 21, 24, 25, 26, 27]",14,"{(2, 'food'): 9900.0, (2, 'water'): 9900.0, (20, 'food'): 9900.0, (20, 'water'): 9900.0, (21, 'food'): 9900.0, (21, 'water'): 9900.0, (24, 'food'): 9900.0, (24, 'water'): 9900.0, (25, 'food'): 9900.0, (25, 'water'): 9900.0, (26, 'food'): 9900.0, (26, 'water'): 9900.0, (27, 'food'): 9900.0, (27, 'water'): 9900.0}",0,2,"{(2, 'food'): 9900.0, (2, 'water'): 9900.0, (20, 'food'): 9900.0, (20, 'water'): 9900.0, (21, 'food'): 9900.0, (21, 'water'): 9900.0, (24, 'food'): 9900.0, (24, 'water'): 9900.0, (25, 'food'): 9900.0, (25, 'water'): 9900.0, (26, 'food'): 9900.0, (26, 'water'): 9900.0, (27, 'food'): 9900.0, (27, 'water'): 9900.0}","{(41, 'water'): <gurobi.Var *Awaiting Model Update*>}","{(2, 'food'): 9900.0, (2, 'water'): 9900.0, (20, 'food'): 9900.0, (20, 'water'): 9900.0, (21, 'food'): 9900.0, (21, 'water'): 9900.0, (24, 'food'): 9900.0, (24, 'water'): 9900.0, (25, 'food'): 9900.0, (25, 'water'): 9900.0, (26, 'food'): 9900.0, (26, 'water'): 9900.0, (27, 'food'): 9900.0, (27, 'water'): 9900.0}",{},31.87988305091858
25,173101.50000000006,"[3, 6, 13, 18, 19, 35, 40]",14,"{(3, 'food'): 9900.0, (3, 'water'): 9900.0, (6, 'food'): 9900.0, (6, 'water'): 9900.0, (13, 'food'): 9900.0, (13, 'water'): 9900.0, (18, 'food'): 9900.0, (18, 'water'): 9900.0, (19, 'food'): 9900.0, (19, 'water'): 9900.0, (35, 'food'): 9900.0, (35, 'water'): 9900.0, (40, 'food'): 9900.0, (40, 'water'): 9900.0}",0,2,"{(3, 'food'): 9900.0, (3, 'water'): 9900.0, (6, 'food'): 9900.0, (6, 'water'): 9900.0, (13, 'food'): 9900.0, (13, 'water'): 9900.0, (18, 'food'): 9900.0, (18, 'water'): 9900.0, (19, 'food'): 9900.0, (19, 'water'): 9900.0, (35, 'food'): 9900.0, (35, 'water'): 9900.0, (40, 'food'): 9900.0, (40, 'water'): 9900.0}","{(41, 'water'): <gurobi.Var *Awaiting Model Update*>}","{(3, 'food'): 9900.0, (3, 'water'): 9900.0, (6, 'food'): 9900.0, (6, 'water'): 9900.0, (13, 'food'): 9900.0, (13, 'water'): 9900.0, (18, 'food'): 9900.0, (18, 'water'): 9900.0, (19, 'food'): 9900.0, (19, 'water'): 9900.0, (35, 'food'): 9900.0, (35, 'water'): 9900.0, (40, 'food'): 9900.0, (40, 'water'): 9900.0}",{},16.7095730304718
26,35703.3,"[1, 16, 21, 25, 26, 27, 41]",14,"{(1, 'food'): 9533.0, (1, 'water'): 9900.0, (16, 'food'): 9900.0, (16, 'water'): 9900.0, (21, 'food'): 9899.0, (21, 'water'): 9900.0, (25, 'food'): 9898.0, (25, 'water'): 9900.0, (26, 'food'): 9330.0, (26, 'water'): 9900.0, (27, 'food'): 8055.0, (27, 'water'): 9900.0, (41, 'food'): 6803.0, (41, 'water'): 9900.0}",0,2,"{(1, 'food'): 9533.0, (1, 'water'): 9900.0, (16, 'food'): 9900.0, (16, 'water'): 9900.0, (21, 'food'): 9899.0, (21, 'water'): 9900.0, (25, 'food'): 9898.0, (25, 'water'): 9900.0, (26, 'food'): 9330.0, (26, 'water'): 9900.0, (27, 'food'): 8055.0, (27, 'water'): 9900.0, (41, 'food'): 6803.0, (41, 'water'): 9900.0}","{(41, 'water'): <gurobi.Var *Awaiting Model Update*>}","{(1, 'food'): 9533.0, (1, 'water'): 9900.0, (16, 'food'): 9900.0, (16, 'water'): 9900.0, (21, 'food'): 9899.0, (21, 'water'): 9900.0, (25, 'food'): 9898.0, (25, 'water'): 9900.0, (26, 'food'): 9330.0, (26, 'water'): 9900.0, (27, 'food'): 8055.0, (27, 'water'): 9900.0, (41, 'food'): 6803.0, (41, 'water'): 9900.0}",{},94.75467109680176
27,99904.20000000001,"[21, 23, 27, 33, 34, 40, 41]",14,"{(21, 'food'): 9900.0, (21, 'water'): 9900.0, (23, 'food'): 9900.0, (23, 'water'): 9900.0, (27, 'food'): 9900.0, (27, 'water'): 9900.0, (33, 'food'): 9900.0, (33, 'water'): 9900.0, (34, 'food'): 9900.0, (34, 'water'): 9900.0, (40, 'food'): 9900.0, (40, 'water'): 9900.0, (41, 'food'): 9900.0, (41, 'water'): 9900.0}",0,2,"{(21, 'food'): 9900.0, (21, 'water'): 9900.0, (23, 'food'): 9900.0, (23, 'water'): 9900.0, (27, 'food'): 9900.0, (27, 'water'): 9900.0, (33, 'food'): 9900.0, (33, 'water'): 9900.0, (34, 'food'): 9900.0, (34, 'water'): 9900.0, (40, 'food'): 9900.0, (40, 'water'): 9900.0, (41, 'food'): 9900.0, (41, 'water'): 9900.0}","{(41, 'water'): <gurobi.Var *Awaiting Model Update*>}","{(21, 'food'): 9900.0, (21, 'water'): 9900.0, (23, 'food'): 9900.0, (23, 'water'): 9900.0, (27, 'food'): 9900.0, (27, 'water'): 9900.0, (33, 'food'): 9900.0, (33, 'water'): 9900.0, (34, 'food'): 9900.0, (34, 'water'): 9900.0, (40, 'food'): 9900.0, (40, 'water'): 9900.0, (41, 'food'): 9900.0, (41, 'water'): 9900.0}",{},35.413028955459595
28,5715.9,"[14, 16, 19, 20, 21, 23, 28]",14,"{(14, 'food'): 6633.0, (14, 'water'): 9900.0, (16, 'food'): 2932.0, (16, 'water'): 9900.0, (19, 'food'): 721.0, (19, 'water'): 9900.0, (20, 'food'): 4493.0, (20, 'water'): 9900.0, (21, 'food'): 4699.0, (21, 'water'): 9900.0, (23, 'food'): 7936.0, (23, 'water'): 9900.0, (28, 'food'): 2655.0, (28, 'water'): 9900.0}",0,2,"{(14, 'food'): 6633.0, (14, 'water'): 9900.0, (16, 'food'): 2932.0, (16, 'water'): 9900.0, (19, 'food'): 721.0, (19, 'water'): 9900.0, (20, 'food'): 4493.0, (20, 'water'): 9900.0, (21, 'food'): 4699.0, (21, 'water'): 9900.0, (23, 'food'): 7936.0, (23, 'water'): 9900.0, (28, 'food'): 2655.0, (28, 'water'): 9900.0}","{(41, 'water'): <gurobi.Var *Awaiting Model Update*>}","{(14, 'food'): 6633.0, (14, 'water'): 9900.0, (16, 'food'): 2932.0, (16, 'water'): 9900.0, (19, 'food'): 721.0, (19, 'water'): 9900.0, (20, 'food'): 4493.0, (20, 'water'): 9900.0, (21, 'food'): 4699.0, (21, 'water'): 9900.0, (23, 'food'): 7936.0, (23, 'water'): 9900.0, (28, 'food'): 2655.0, (28, 'water'): 9900.0}",{},57.12404203414917
29,11238.599999999999,"[16, 19, 21, 23, 27, 28, 34]",14,"{(16, 'food'): 7064.0, (16, 'water'): 9900.0, (19, 'food'): 5634.0, (19, 'water'): 9900.0, (21, 'food'): 8278.0, (21, 'water'): 9900.0, (23, 'food'): 3220.0, (23, 'water'): 9900.0, (27, 'food'): 5274.0, (27, 'water'): 9900.0, (28, 'food'): 1742.0, (28, 'water'): 9900.0, (34, 'food'): 5007.0, (34, 'water'): 9900.0}",0,2,"{(16, 'food'): 7064.0, (16, 'water'): 9900.0, (19, 'food'): 5634.0, (19, 'water'): 9900.0, (21, 'food'): 8278.0, (21, 'water'): 9900.0, (23, 'food'): 3220.0, (23, 'water'): 9900.0, (27, 'food'): 5274.0, (27, 'water'): 9900.0, (28, 'food'): 1742.0, (28, 'water'): 9900.0, (34, 'food'): 5007.0, (34, 'water'): 9900.0}","{(41, 'water'): <gurobi.Var *Awaiting Model Update*>}","{(16, 'food'): 7064.0, (16, 'water'): 9900.0, (19, 'food'): 5634.0, (19, 'water'): 9900.0, (21, 'food'): 8278.0, (21, 'water'): 9900.0, (23, 'food'): 3220.0, (23, 'water'): 9900.0, (27, 'food'): 5274.0, (27, 'water'): 9900.0, (28, 'food'): 1742.0, (28, 'water'): 9900.0, (34, 'food'): 5007.0, (34, 'water'): 9900.0}",{},77.06699395179749
30,120359.09999999989,"[9, 13, 18, 20, 31, 40, 41]",14,"{(9, 'food'): 9900.0, (9, 'water'): 9900.0, (13, 'food'): 9900.0, (13, 'water'): 9900.0, (18, 'food'): 9900.0, (18, 'water'): 9900.0, (20, 'food'): 9900.0, (20, 'water'): 9900.0, (31, 'food'): 9900.0, (31, 'water'): 9900.0, (40, 'food'): 9900.0, (40, 'water'): 9900.0, (41, 'food'): 9900.0, (41, 'water'): 9900.0}",0,2,"{(9, 'food'): 9900.0, (9, 'water'): 9900.0, (13, 'food'): 9900.0, (13, 'water'): 9900.0, (18, 'food'): 9900.0, (18, 'water'): 9900.0, (20, 'food'): 9900.0, (20, 'water'): 9900.0, (31, 'food'): 9900.0, (31, 'water'): 9900.0, (40, 'food'): 9900.0, (40, 'water'): 9900.0, (41, 'food'): 9900.0, (41, 'water'): 9900.0}","{(41, 'water'): <gurobi.Var *Awaiting Model Update*>}","{(9, 'food'): 9900.0, (9, 'water'): 9900.0, (13, 'food'): 9900.0, (13, 'water'): 9900.0, (18, 'food'): 9900.0, (18, 'water'): 9900.0, (20, 'food'): 9900.0, (20, 'water'): 9900.0, (31, 'food'): 9900.0, (31, 'water'): 9900.0, (40, 'food'): 9900.0, (40, 'water'): 9900.0, (41, 'food'): 9900.0, (41, 'water'): 9900.0}",{},28.750131130218506
31,92106.00000000001,"[1, 16, 21, 23, 25, 27, 28]",14,"{(1, 'food'): 9900.0, (1, 'water'): 9900.0, (16, 'food'): 9900.0, (16, 'water'): 9900.0, (21, 'food'): 9900.0, (21, 'water'): 9900.0, (23, 'food'): 9900.0, (23, 'water'): 9900.0, (25, 'food'): 9900.0, (25, 'water'): 9900.0, (27, 'food'): 9900.0, (27, 'water'): 9900.0, (28, 'food'): 9900.0, (28, 'water'): 9900.0}",0,2,"{(1, 'food'): 9900.0, (1, 'water'): 9900.0, (16, 'food'): 9900.0, (16, 'water'): 9900.0, (21, 'food'): 9900.0, (21, 'water'): 9900.0, (23, 'food'): 9900.0, (23, 'water'): 9900.0, (25, 'food'): 9900.0, (25, 'water'): 9900.0, (27, 'food'): 9900.0, (27, 'water'): 9900.0, (28, 'food'): 9900.0, (28, 'water'): 9900.0}","{(41, 'water'): <gurobi.Var *Awaiting Model Update*>}","{(1, 'food'): 9900.0, (1, 'water'): 9900.0, (16, 'food'): 9900.0, (16, 'water'): 9900.0, (21, 'food'): 9900.0, (21, 'water'): 9900.0, (23, 'food'): 9900.0, (23, 'water'): 9900.0, (25, 'food'): 9900.0, (25, 'water'): 9900.0, (27, 'food'): 9900.0, (27, 'water'): 9900.0, (28, 'food'): 9900.0, (28, 'water'): 9900.0}",{},33.81095623970032
32,71220.59999999999,"[21, 23, 24, 25, 26, 27, 30]",14,"{(21, 'food'): 9900.0, (21, 'water'): 9900.0, (23, 'food'): 9900.0, (23, 'water'): 9900.0, (24, 'food'): 9900.0, (24, 'water'): 9900.0, (25, 'food'): 9900.0, (25, 'water'): 9900.0, (26, 'food'): 9900.0, (26, 'water'): 9900.0, (27, 'food'): 9900.0, (27, 'water'): 9900.0, (30, 'food'): 9900.0, (30, 'water'): 9900.0}",0,2,"{(21, 'food'): 9900.0, (21, 'water'): 9900.0, (23, 'food'): 9900.0, (23, 'water'): 9900.0, (24, 'food'): 9900.0, (24, 'water'): 9900.0, (25, 'food'): 9900.0, (25, 'water'): 9900.0, (26, 'food'): 9900.0, (26, 'water'): 9900.0, (27, 'food'): 9900.0, (27, 'water'): 9900.0, (30, 'food'): 9900.0, (30, 'water'): 9900.0}","{(41, 'water'): <gurobi.Var *Awaiting Model Update*>}","{(21, 'food'): 9900.0, (21, 'water'): 9900.0, (23, 'food'): 9900.0, (23, 'water'): 9900.0, (24, 'food'): 9900.0, (24, 'water'): 9900.0, (25, 'food'): 9900.0, (25, 'water'): 9900.0, (26, 'food'): 9900.0, (26, 'water'): 9900.0, (27, 'food'): 9900.0, (27, 'water'): 9900.0, (30, 'food'): 9900.0, (30, 'water'): 9900.0}",{},39.256163120269775
33,5802.000000000001,"[10, 14, 18, 20, 21, 26, 40]",14,"{(10, 'food'): 772.0, (10, 'water'): 9900.0, (14, 'food'): 5888.0, (14, 'water'): 9900.0, (18, 'food'): 8501.0, (18, 'water'): 9900.0, (20, 'food'): 752.0, (20, 'water'): 9900.0, (21, 'food'): 7777.0, (21, 'water'): 9900.0, (26, 'food'): 5054.0, (26, 'water'): 9900.0, (40, 'food'): 1448.0, (40, 'water'): 9900.0}",0,2,"{(10, 'food'): 772.0, (10, 'water'): 9900.0, (14, 'food'): 5888.0, (14, 'water'): 9900.0, (18, 'food'): 8501.0, (18, 'water'): 9900.0, (20, 'food'): 752.0, (20, 'water'): 9900.0, (21, 'food'): 7777.0, (21, 'water'): 9900.0, (26, 'food'): 5054.0, (26, 'water'): 9900.0, (40, 'food'): 1448.0, (40, 'water'): 9900.0}","{(41, 'water'): <gurobi.Var *Awaiting Model Update*>}","{(10, 'food'): 772.0, (10, 'water'): 9900.0, (14, 'food'): 5888.0, (14, 'water'): 9900.0, (18, 'food'): 8501.0, (18, 'water'): 9900.0, (20, 'food'): 752.0, (20, 'water'): 9900.0, (21, 'food'): 7777.0, (21, 'water'): 9900.0, (26, 'food'): 5054.0, (26, 'water'): 9900.0, (40, 'food'): 1448.0, (40, 'water'): 9900.0}",{},56.832051038742065
34,19110.600000000002,"[13, 14, 17, 20, 29, 33, 35]",14,"{(13, 'food'): 1950.0, (13, 'water'): 9900.0, (14, 'food'): 3300.0, (14, 'water'): 9900.0, (17, 'food'): 6627.0, (17, 'water'): 9900.0, (20, 'food'): 4459.0, (20, 'water'): 9900.0, (29, 'food'): 9825.0, (29, 'water'): 9900.0, (33, 'food'): 9804.0, (33, 'water'): 9900.0, (35, 'food'): 8987.0, (35, 'water'): 9900.0}",0,2,"{(13, 'food'): 1950.0, (13, 'water'): 9900.0, (14, 'food'): 3300.0, (14, 'water'): 9900.0, (17, 'food'): 6627.0, (17, 'water'): 9900.0, (20, 'food'): 4459.0, (20, 'water'): 9900.0, (29, 'food'): 9825.0, (29, 'water'): 9900.0, (33, 'food'): 9804.0, (33, 'water'): 9900.0, (35, 'food'): 8987.0, (35, 'water'): 9900.0}","{(41, 'water'): <gurobi.Var *Awaiting Model Update*>}","{(13, 'food'): 1950.0, (13, 'water'): 9900.0, (14, 'food'): 3300.0, (14, 'water'): 9900.0, (17, 'food'): 6627.0, (17, 'water'): 9900.0, (20, 'food'): 4459.0, (20, 'water'): 9900.0, (29, 'food'): 9825.0, (29, 'water'): 9900.0, (33, 'food'): 9804.0, (33, 'water'): 9900.0, (35, 'food'): 8987.0, (35, 'water'): 9900.0}",{},62.188724994659424
35,116017.2,"[1, 5, 15, 17, 20, 21, 29]",14,"{(1, 'food'): 9900.0, (1, 'water'): 9900.0, (5, 'food'): 9900.0, (5, 'water'): 9900.0, (15, 'food'): 9900.0, (15, 'water'): 9900.0, (17, 'food'): 9900.0, (17, 'water'): 9900.0, (20, 'food'): 9900.0, (20, 'water'): 9900.0, (21, 'food'): 9900.0, (21, 'water'): 9900.0, (29, 'food'): 9900.0, (29, 'water'): 9900.0}",0,2,"{(1, 'food'): 9900.0, (1, 'water'): 9900.0, (5, 'food'): 9900.0, (5, 'water'): 9900.0, (15, 'food'): 9900.0, (15, 'water'): 9900.0, (17, 'food'): 9900.0, (17, 'water'): 9900.0, (20, 'food'): 9900.0, (20, 'water'): 9900.0, (21, 'food'): 9900.0, (21, 'water'): 9900.0, (29, 'food'): 9900.0, (29, 'water'): 9900.0}","{(41, 'water'): <gurobi.Var *Awaiting Model Update*>}","{(1, 'food'): 9900.0, (1, 'water'): 9900.0, (5, 'food'): 9900.0, (5, 'water'): 9900.0, (15, 'food'): 9900.0, (15, 'water'): 9900.0, (17, 'food'): 9900.0, (17, 'water'): 9900.0, (20, 'food'): 9900.0, (20, 'water'): 9900.0, (21, 'food'): 9900.0, (21, 'water'): 9900.0, (29, 'food'): 9900.0, (29, 'water'): 9900.0}",{},20.114195823669434
36,114910.20000000001,"[10, 11, 12, 13, 14, 16, 17]",14,"{(10, 'food'): 9900.0, (10, 'water'): 9900.0, (11, 'food'): 9900.0, (11, 'water'): 9900.0, (12, 'food'): 9900.0, (12, 'water'): 9900.0, (13, 'food'): 9900.0, (13, 'water'): 9900.0, (14, 'food'): 9900.0, (14, 'water'): 9900.0, (16, 'food'): 9900.0, (16, 'water'): 9900.0, (17, 'food'): 9900.0, (17, 'water'): 9900.0}",0,2,"{(10, 'food'): 9900.0, (10, 'water'): 9900.0, (11, 'food'): 9900.0, (11, 'water'): 9900.0, (12, 'food'): 9900.0, (12, 'water'): 9900.0, (13, 'food'): 9900.0, (13, 'water'): 9900.0, (14, 'food'): 9900.0, (14, 'water'): 9900.0, (16, 'food'): 9900.0, (16, 'water'): 9900.0, (17, 'food'): 9900.0, (17, 'water'): 9900.0}","{(41, 'water'): <gurobi.Var *Awaiting Model Update*>}","{(10, 'food'): 9900.0, (10, 'water'): 9900.0, (11, 'food'): 9900.0, (11, 'water'): 9900.0, (12, 'food'): 9900.0, (12, 'water'): 9900.0, (13, 'food'): 9900.0, (13, 'water'): 9900.0, (14, 'food'): 9900.0, (14, 'water'): 9900.0, (16, 'food'): 9900.0, (16, 'water'): 9900.0, (17, 'food'): 9900.0, (17, 'water'): 9900.0}",{},25.390683889389038
37,13686.300000000001,"[17, 18, 19, 21, 27, 28, 35]",14,"{(17, 'food'): 4733.0, (17, 'water'): 9900.0, (18, 'food'): 5766.0, (18, 'water'): 9900.0, (19, 'food'): 5876.0, (19, 'water'): 9900.0, (21, 'food'): 8303.0, (21, 'water'): 9900.0, (27, 'food'): 4050.0, (27, 'water'): 9900.0, (28, 'food'): 937.0, (28, 'water'): 9900.0, (35, 'food'): 9260.0, (35, 'water'): 9900.0}",0,2,"{(17, 'food'): 4733.0, (17, 'water'): 9900.0, (18, 'food'): 5766.0, (18, 'water'): 9900.0, (19, 'food'): 5876.0, (19, 'water'): 9900.0, (21, 'food'): 8303.0, (21, 'water'): 9900.0, (27, 'food'): 4050.0, (27, 'water'): 9900.0, (28, 'food'): 937.0, (28, 'water'): 9900.0, (35, 'food'): 9260.0, (35, 'water'): 9900.0}","{(41, 'water'): <gurobi.Var *Awaiting Model Update*>}","{(17, 'food'): 4733.0, (17, 'water'): 9900.0, (18, 'food'): 5766.0, (18, 'water'): 9900.0, (19, 'food'): 5876.0, (19, 'water'): 9900.0, (21, 'food'): 8303.0, (21, 'water'): 9900.0, (27, 'food'): 4050.0, (27, 'water'): 9900.0, (28, 'food'): 937.0, (28, 'water'): 9900.0, (35, 'food'): 9260.0, (35, 'water'): 9900.0}",{},59.663302183151245
38,155008.1999999999,"[8, 9, 10, 11, 12, 13, 14]",14,"{(8, 'food'): 9900.0, (8, 'water'): 9900.0, (9, 'food'): 9900.0, (9, 'water'): 9900.0, (10, 'food'): 9900.0, (10, 'water'): 9900.0, (11, 'food'): 9900.0, (11, 'water'): 9900.0, (12, 'food'): 9900.0, (12, 'water'): 9900.0, (13, 'food'): 9900.0, (13, 'water'): 9900.0, (14, 'food'): 9900.0, (14, 'water'): 9900.0}",0,2,"{(8, 'food'): 9900.0, (8, 'water'): 9900.0, (9, 'food'): 9900.0, (9, 'water'): 9900.0, (10, 'food'): 9900.0, (10, 'water'): 9900.0, (11, 'food'): 9900.0, (11, 'water'): 9900.0, (12, 'food'): 9900.0, (12, 'water'): 9900.0, (13, 'food'): 9900.0, (13, 'water'): 9900.0, (14, 'food'): 9900.0, (14, 'water'): 9900.0}","{(41, 'water'): <gurobi.Var *Awaiting Model Update*>}","{(8, 'food'): 9900.0, (8, 'water'): 9900.0, (9, 'food'): 9900.0, (9, 'water'): 9900.0, (10, 'food'): 9900.0, (10, 'water'): 9900.0, (11, 'food'): 9900.0, (11, 'water'): 9900.0, (12, 'food'): 9900.0, (12, 'water'): 9900.0, (13, 'food'): 9900.0, (13, 'water'): 9900.0, (14, 'food'): 9900.0, (14, 'water'): 9900.0}",{},24.93518614768982
39,18804.700000000004,"[17, 18, 19, 21, 25, 29, 39]",14,"{(17, 'food'): 4542.0, (17, 'water'): 9900.0, (18, 'food'): 7289.0, (18, 'water'): 9900.0, (19, 'food'): 6083.0, (19, 'water'): 9900.0, (21, 'food'): 6521.0, (21, 'water'): 9900.0, (25, 'food'): 5489.0, (25, 'water'): 9900.0, (29, 'food'): 6852.0, (29, 'water'): 9900.0, (39, 'food'): 7856.0, (39, 'water'): 9900.0}",0,2,"{(17, 'food'): 4542.0, (17, 'water'): 9900.0, (18, 'food'): 7289.0, (18, 'water'): 9900.0, (19, 'food'): 6083.0, (19, 'water'): 9900.0, (21, 'food'): 6521.0, (21, 'water'): 9900.0, (25, 'food'): 5489.0, (25, 'water'): 9900.0, (29, 'food'): 6852.0, (29, 'water'): 9900.0, (39, 'food'): 7856.0, (39, 'water'): 9900.0}","{(41, 'water'): <gurobi.Var *Awaiting Model Update*>}","{(17, 'food'): 4542.0, (17, 'water'): 9900.0, (18, 'food'): 7289.0, (18, 'water'): 9900.0, (19, 'food'): 6083.0, (19, 'water'): 9900.0, (21, 'food'): 6521.0, (21, 'water'): 9900.0, (25, 'food'): 5489.0, (25, 'water'): 9900.0, (29, 'food'): 6852.0, (29, 'water'): 9900.0, (39, 'food'): 7856.0, (39, 'water'): 9900.0}",{},82.21089887619019
40,194860.19999999978,"[5, 8, 9, 10, 11, 18, 41]",14,"{(5, 'food'): 9900.0, (5, 'water'): 9900.0, (8, 'food'): 9900.0, (8, 'water'): 9900.0, (9, 'food'): 9900.0, (9, 'water'): 9900.0, (10, 'food'): 9900.0, (10, 'water'): 9900.0, (11, 'food'): 9900.0, (11, 'water'): 9900.0, (18, 'food'): 9900.0, (18, 'water'): 9900.0, (41, 'food'): 9900.0, (41, 'water'): 9900.0}",0,2,"{(5, 'food'): 9900.0, (5, 'water'): 9900.0, (8, 'food'): 9900.0, (8, 'water'): 9900.0, (9, 'food'): 9900.0, (9, 'water'): 9900.0, (10, 'food'): 9900.0, (10, 'water'): 9900.0, (11, 'food'): 9900.0, (11, 'water'): 9900.0, (18, 'food'): 9900.0, (18, 'water'): 9900.0, (41, 'food'): 9900.0, (41, 'water'): 9900.0}","{(41, 'water'): <gurobi.Var *Awaiting Model Update*>}","{(5, 'food'): 9900.0, (5, 'water'): 9900.0, (8, 'food'): 9900.0, (8, 'water'): 9900.0, (9, 'food'): 9900.0, (9, 'water'): 9900.0, (10, 'food'): 9900.0, (10, 'water'): 9900.0, (11, 'food'): 9900.0, (11, 'water'): 9900.0, (18, 'food'): 9900.0, (18, 'water'): 9900.0, (41, 'food'): 9900.0, (41, 'water'): 9900.0}",{},25.844903230667114
41,180887.40000000014,"[1, 2, 3, 8, 9, 10, 19]",14,"{(1, 'food'): 9900.0, (1, 'water'): 9900.0, (2, 'food'): 9900.0, (2, 'water'): 9900.0, (3, 'food'): 9900.0, (3, 'water'): 9900.0, (8, 'food'): 9900.0, (8, 'water'): 9900.0, (9, 'food'): 9900.0, (9, 'water'): 9900.0, (10, 'food'): 9900.0, (10, 'water'): 9900.0, (19, 'food'): 9900.0, (19, 'water'): 9900.0}",0,2,"{(1, 'food'): 9900.0, (1, 'water'): 9900.0, (2, 'food'): 9900.0, (2, 'water'): 9900.0, (3, 'food'): 9900.0, (3, 'water'): 9900.0, (8, 'food'): 9900.0, (8, 'water'): 9900.0, (9, 'food'): 9900.0, (9, 'water'): 9900.0, (10, 'food'): 9900.0, (10, 'water'): 9900.0, (19, 'food'): 9900.0, (19, 'water'): 9900.0}","{(41, 'water'): <gurobi.Var *Awaiting Model Update*>}","{(1, 'food'): 9900.0, (1, 'water'): 9900.0, (2, 'food'): 9900.0, (2, 'water'): 9900.0, (3, 'food'): 9900.0, (3, 'water'): 9900.0, (8, 'food'): 9900.0, (8, 'water'): 9900.0, (9, 'food'): 9900.0, (9, 'water'): 9900.0, (10, 'food'): 9900.0, (10, 'water'): 9900.0, (19, 'food'): 9900.0, (19, 'water'): 9900.0}",{},26.124928951263428
42,11619.900000000003,"[17, 18, 19, 20, 21, 28, 35]",14,"{(17, 'food'): 5174.0, (17, 'water'): 9900.0, (18, 'food'): 5686.0, (18, 'water'): 9900.0, (19, 'food'): 6516.0, (19, 'water'): 9900.0, (20, 'food'): 5990.0, (20, 'water'): 9900.0, (21, 'food'): 4405.0, (21, 'water'): 9900.0, (28, 'food'): 4323.0, (28, 'water'): 9900.0, (35, 'food'): 4535.0, (35, 'water'): 9900.0}",0,2,"{(17, 'food'): 5174.0, (17, 'water'): 9900.0, (18, 'food'): 5686.0, (18, 'water'): 9900.0, (19, 'food'): 6516.0, (19, 'water'): 9900.0, (20, 'food'): 5990.0, (20, 'water'): 9900.0, (21, 'food'): 4405.0, (21, 'water'): 9900.0, (28, 'food'): 4323.0, (28, 'water'): 9900.0, (35, 'food'): 4535.0, (35, 'water'): 9900.0}","{(41, 'water'): <gurobi.Var *Awaiting Model Update*>}","{(17, 'food'): 5174.0, (17, 'water'): 9900.0, (18, 'food'): 5686.0, (18, 'water'): 9900.0, (19, 'food'): 6516.0, (19, 'water'): 9900.0, (20, 'food'): 5990.0, (20, 'water'): 9900.0, (21, 'food'): 4405.0, (21, 'water'): 9900.0, (28, 'food'): 4323.0, (28, 'water'): 9900.0, (35, 'food'): 4535.0, (35, 'water'): 9900.0}",{},58.60674810409546
43,38261.69999999998,"[6, 15, 16, 21, 22, 24, 41]",14,"{(6, 'food'): 9900.0, (6, 'water'): 9900.0, (15, 'food'): 9556.0, (15, 'water'): 9900.0, (16, 'food'): 9900.0, (16, 'water'): 9900.0, (21, 'food'): 9900.0, (21, 'water'): 9900.0, (22, 'food'): 7237.0, (22, 'water'): 9900.0, (24, 'food'): 9900.0, (24, 'water'): 9900.0, (41, 'food'): 9838.0, (41, 'water'): 9900.0}",0,2,"{(6, 'food'): 9900.0, (6, 'water'): 9900.0, (15, 'food'): 9556.0, (15, 'water'): 9900.0, (16, 'food'): 9900.0, (16, 'water'): 9900.0, (21, 'food'): 9900.0, (21, 'water'): 9900.0, (22, 'food'): 7237.0, (22, 'water'): 9900.0, (24, 'food'): 9900.0, (24, 'water'): 9900.0, (41, 'food'): 9838.0, (41, 'water'): 9900.0}","{(41, 'water'): <gurobi.Var *Awaiting Model Update*>}","{(6, 'food'): 9900.0, (6, 'water'): 9900.0, (15, 'food'): 9556.0, (15, 'water'): 9900.0, (16, 'food'): 9900.0, (16, 'water'): 9900.0, (21, 'food'): 9900.0, (21, 'water'): 9900.0, (22, 'food'): 7237.0, (22, 'water'): 9900.0, (24, 'food'): 9900.0, (24, 'water'): 9900.0, (41, 'food'): 9838.0, (41, 'water'): 9900.0}",{},79.62789297103882
44,3538.7999999999993,"[15, 16, 17, 18, 20, 21, 35]",14,"{(15, 'food'): 8297.0, (15, 'water'): 9900.0, (16, 'food'): 3573.0, (16, 'water'): 9900.0, (17, 'food'): 3191.0, (17, 'water'): 9900.0, (18, 'food'): 3160.0, (18, 'water'): 9900.0, (20, 'food'): 4962.0, (20, 'water'): 9900.0, (21, 'food'): 4020.0, (21, 'water'): 9900.0, (35, 'food'): 447.0, (35, 'water'): 9900.0}",0,2,"{(15, 'food'): 8297.0, (15, 'water'): 9900.0, (16, 'food'): 3573.0, (16, 'water'): 9900.0, (17, 'food'): 3191.0, (17, 'water'): 9900.0, (18, 'food'): 3160.0, (18, 'water'): 9900.0, (20, 'food'): 4962.0, (20, 'water'): 9900.0, (21, 'food'): 4020.0, (21, 'water'): 9900.0, (35, 'food'): 447.0, (35, 'water'): 9900.0}","{(41, 'water'): <gurobi.Var *Awaiting Model Update*>}","{(15, 'food'): 8297.0, (15, 'water'): 9900.0, (16, 'food'): 3573.0, (16, 'water'): 9900.0, (17, 'food'): 3191.0, (17, 'water'): 9900.0, (18, 'food'): 3160.0, (18, 'water'): 9900.0, (20, 'food'): 4962.0, (20, 'water'): 9900.0, (21, 'food'): 4020.0, (21, 'water'): 9900.0, (35, 'food'): 447.0, (35, 'water'): 9900.0}",{},69.20618915557861
45,15974.099999999999,"[17, 18, 19, 20, 21, 35, 38]",14,"{(17, 'food'): 8785.0, (17, 'water'): 9900.0, (18, 'food'): 9115.0, (18, 'water'): 9900.0, (19, 'food'): 8136.0, (19, 'water'): 9900.0, (20, 'food'): 6042.0, (20, 'water'): 9900.0, (21, 'food'): 4394.0, (21, 'water'): 9900.0, (35, 'food'): 2997.0, (35, 'water'): 9900.0, (38, 'food'): 1998.0, (38, 'water'): 9900.0}",0,2,"{(17, 'food'): 8785.0, (17, 'water'): 9900.0, (18, 'food'): 9115.0, (18, 'water'): 9900.0, (19, 'food'): 8136.0, (19, 'water'): 9900.0, (20, 'food'): 6042.0, (20, 'water'): 9900.0, (21, 'food'): 4394.0, (21, 'water'): 9900.0, (35, 'food'): 2997.0, (35, 'water'): 9900.0, (38, 'food'): 1998.0, (38, 'water'): 9900.0}","{(41, 'water'): <gurobi.Var *Awaiting Model Update*>}","{(17, 'food'): 8785.0, (17, 'water'): 9900.0, (18, 'food'): 9115.0, (18, 'water'): 9900.0, (19, 'food'): 8136.0, (19, 'water'): 9900.0, (20, 'food'): 6042.0, (20, 'water'): 9900.0, (21, 'food'): 4394.0, (21, 'water'): 9900.0, (35, 'food'): 2997.0, (35, 'water'): 9900.0, (38, 'food'): 1998.0, (38, 'water'): 9900.0}",{},74.72113490104675
46,72499.8,"[9, 10, 11, 12, 13, 21, 36]",14,"{(9, 'food'): 9900.0, (9, 'water'): 9900.0, (10, 'food'): 9900.0, (10, 'water'): 9900.0, (11, 'food'): 9900.0, (11, 'water'): 9900.0, (12, 'food'): 9900.0, (12, 'water'): 9900.0, (13, 'food'): 9900.0, (13, 'water'): 9900.0, (21, 'food'): 9900.0, (21, 'water'): 9900.0, (36, 'food'): 9900.0, (36, 'water'): 9900.0}",0,2,"{(9, 'food'): 9900.0, (9, 'water'): 9900.0, (10, 'food'): 9900.0, (10, 'water'): 9900.0, (11, 'food'): 9900.0, (11, 'water'): 9900.0, (12, 'food'): 9900.0, (12, 'water'): 9900.0, (13, 'food'): 9900.0, (13, 'water'): 9900.0, (21, 'food'): 9900.0, (21, 'water'): 9900.0, (36, 'food'): 9900.0, (36, 'water'): 9900.0}","{(41, 'water'): <gurobi.Var *Awaiting Model Update*>}","{(9, 'food'): 9900.0, (9, 'water'): 9900.0, (10, 'food'): 9900.0, (10, 'water'): 9900.0, (11, 'food'): 9900.0, (11, 'water'): 9900.0, (12, 'food'): 9900.0, (12, 'water'): 9900.0, (13, 'food'): 9900.0, (13, 'water'): 9900.0, (21, 'food'): 9900.0, (21, 'water'): 9900.0, (36, 'food'): 9900.0, (36, 'water'): 9900.0}",{},27.80475902557373
47,44800.19999999998,"[14, 15, 20, 21, 22, 23, 24]",14,"{(14, 'food'): 9900.0, (14, 'water'): 9900.0, (15, 'food'): 9900.0, (15, 'water'): 9900.0, (20, 'food'): 9900.0, (20, 'water'): 9900.0, (21, 'food'): 9900.0, (21, 'water'): 9900.0, (22, 'food'): 9900.0, (22, 'water'): 9900.0, (23, 'food'): 9900.0, (23, 'water'): 9900.0, (24, 'food'): 9900.0, (24, 'water'): 9900.0}",0,2,"{(14, 'food'): 9900.0, (14, 'water'): 9900.0, (15, 'food'): 9900.0, (15, 'water'): 9900.0, (20, 'food'): 9900.0, (20, 'water'): 9900.0, (21, 'food'): 9900.0, (21, 'water'): 9900.0, (22, 'food'): 9900.0, (22, 'water'): 9900.0, (23, 'food'): 9900.0, (23, 'water'): 9900.0, (24, 'food'): 9900.0, (24, 'water'): 9900.0}","{(41, 'water'): <gurobi.Var *Awaiting Model Update*>}","{(14, 'food'): 9900.0, (14, 'water'): 9900.0, (15, 'food'): 9900.0, (15, 'water'): 9900.0, (20, 'food'): 9900.0, (20, 'water'): 9900.0, (21, 'food'): 9900.0, (21, 'water'): 9900.0, (22, 'food'): 9900.0, (22, 'water'): 9900.0, (23, 'food'): 9900.0, (23, 'water'): 9900.0, (24, 'food'): 9900.0, (24, 'water'): 9900.0}",{},47.315876960754395
48,38890.9,"[10, 15, 20, 21, 22, 23, 25]",14,"{(10, 'food'): 9404.0, (10, 'water'): 9900.0, (15, 'food'): 9900.0, (15, 'water'): 9900.0, (20, 'food'): 9900.0, (20, 'water'): 9900.0, (21, 'food'): 9900.0, (21, 'water'): 9900.0, (22, 'food'): 8024.0, (22, 'water'): 9900.0, (23, 'food'): 9900.0, (23, 'water'): 9900.0, (25, 'food'): 9900.0, (25, 'water'): 9900.0}",0,2,"{(10, 'food'): 9404.0, (10, 'water'): 9900.0, (15, 'food'): 9900.0, (15, 'water'): 9900.0, (20, 'food'): 9900.0, (20, 'water'): 9900.0, (21, 'food'): 9900.0, (21, 'water'): 9900.0, (22, 'food'): 8024.0, (22, 'water'): 9900.0, (23, 'food'): 9900.0, (23, 'water'): 9900.0, (25, 'food'): 9900.0, (25, 'water'): 9900.0}","{(41, 'water'): <gurobi.Var *Awaiting Model Update*>}","{(10, 'food'): 9404.0, (10, 'water'): 9900.0, (15, 'food'): 9900.0, (15, 'water'): 9900.0, (20, 'food'): 9900.0, (20, 'water'): 9900.0, (21, 'food'): 9900.0, (21, 'water'): 9900.0, (22, 'food'): 8024.0, (22, 'water'): 9900.0, (23, 'food'): 9900.0, (23, 'water'): 9900.0, (25, 'food'): 9900.0, (25, 'water'): 9900.0}",{},71.9061107635498
49,228488.39999999997,"[12, 13, 14, 15, 16, 17, 19]",14,"{(12, 'food'): 9900.0, (12, 'water'): 9900.0, (13, 'food'): 9900.0, (13, 'water'): 9900.0, (14, 'food'): 9900.0, (14, 'water'): 9900.0, (15, 'food'): 9900.0, (15, 'water'): 9900.0, (16, 'food'): 9900.0, (16, 'water'): 9900.0, (17, 'food'): 9900.0, (17, 'water'): 9900.0, (19, 'food'): 9900.0, (19, 'water'): 9900.0}",0,2,"{(12, 'food'): 9900.0, (12, 'water'): 9900.0, (13, 'food'): 9900.0, (13, 'water'): 9900.0, (14, 'food'): 9900.0, (14, 'water'): 9900.0, (15, 'food'): 9900.0, (15, 'water'): 9900.0, (16, 'food'): 9900.0, (16, 'water'): 9900.0, (17, 'food'): 9900.0, (17, 'water'): 9900.0, (19, 'food'): 9900.0, (19, 'water'): 9900.0}","{(41, 'water'): <gurobi.Var *Awaiting Model Update*>}","{(12, 'food'): 9900.0, (12, 'water'): 9900.0, (13, 'food'): 9900.0, (13, 'water'): 9900.0, (14, 'food'): 9900.0, (14, 'water'): 9900.0, (15, 'food'): 9900.0, (15, 'water'): 9900.0, (16, 'food'): 9900.0, (16, 'water'): 9900.0, (17, 'food'): 9900.0, (17, 'water'): 9900.0, (19, 'food'): 9900.0, (19, 'water'): 9900.0}",{},21.30417013168335
